target_end_date,value_a,location
2022-02-12,29.11197183712294,01
2022-02-19,28.2090626919058,01
2022-02-26,14.184376944745557,01
2022-03-05,29.96076488167165,01
2022-03-12,16.382348442302128,01
2022-03-19,24.02265412484074,01
2022-03-26,21.451871657112584,01
2022-04-02,25.02175760913775,01
2022-04-09,23.206055247533044,01
2022-04-16,37.32100980398846,01
2022-04-23,27.38232808714244,01
2022-04-30,15.175748080060552,01
2022-05-07,14.868136448217282,01
2022-05-14,8.698441034931022,01
2022-05-21,12.919264293137232,01
2022-05-28,4.644525144056253,01
2022-06-04,4.611098624734876,01
2022-06-11,10.147246268238034,01
2022-06-18,13.190626793800167,01
2022-06-25,14.573763384447933,01
2022-07-02,9.876872701273395,01
2022-07-09,11.120665432123358,01
2022-07-16,13.953913925100514,01
2022-07-23,17.02942363084576,01
2022-07-30,19.0,01
2022-08-06,19.811836516485215,01
2022-08-13,20.36488890356099,01
2022-08-20,20.742605970874614,01
2022-08-27,21.028436528073392,01
2022-09-03,21.30582938480462,01
2022-09-10,21.658233350715598,01
2022-09-17,22.16909723545362,01
2022-09-24,22.921869848665988,01
2022-10-01,24.0,01
2022-10-08,121.58524070830538,01
2022-10-15,334.62355751921683,01
2022-10-22,547.3447180325591,01
2022-10-29,643.9784898481564,01
2022-11-05,502.7428216385442,01
2022-11-12,804.7450809443447,01
2022-11-19,561.6025495661945,01
2022-02-12,3.2,02
2022-02-19,2.7,02
2022-02-26,2.0,02
2022-03-05,1.5,02
2022-03-12,3.45,02
2022-03-19,0.0,02
2022-03-26,2.2,02
2022-04-02,0.0,02
2022-04-09,1.7999999999999998,02
2022-04-16,0.0,02
2022-04-23,2.4,02
2022-04-30,0.8,02
2022-05-07,0.5,02
2022-05-14,0.0,02
2022-05-21,1.5,02
2022-05-28,1.3,02
2022-06-04,9.8,02
2022-06-11,2.1,02
2022-06-18,3.8500000000000005,02
2022-06-25,5.6000000000000005,02
2022-07-02,0.0,02
2022-07-09,0.0,02
2022-07-16,0.0,02
2022-07-23,0.0,02
2022-07-30,0.0,02
2022-08-06,0.06858710562414266,02
2022-08-13,0.252400548696845,02
2022-08-20,0.5185185185185185,02
2022-08-27,0.8340192043895747,02
2022-09-03,1.1659807956104251,02
2022-09-10,1.4814814814814814,02
2022-09-17,1.7475994513031547,02
2022-09-24,1.9314128943758573,02
2022-10-01,2.0,02
2022-10-08,1.81765625,02
2022-10-15,1.4164999999999999,02
2022-10-22,1.0153437499999998,02
2022-10-29,0.833,02
2022-11-05,3.43,02
2022-11-12,10.890809999999998,02
2022-11-19,28.445999999999994,02
2022-02-12,63.13447733314212,04
2022-02-19,52.9263493475194,04
2022-02-26,77.56904679128945,04
2022-03-05,64.52591686269886,04
2022-03-12,62.60809471136288,04
2022-03-19,72.97062636507118,04
2022-03-26,75.93853803324853,04
2022-04-02,93.93580085122032,04
2022-04-09,140.09834595191083,04
2022-04-16,91.33077210796796,04
2022-04-23,82.25780272234547,04
2022-04-30,60.36413562046283,04
2022-05-07,77.58718451526822,04
2022-05-14,96.77430803918504,04
2022-05-21,105.06220528512716,04
2022-05-28,129.91335464435986,04
2022-06-04,132.9005308852437,04
2022-06-11,120.63687962562588,04
2022-06-18,110.30921927204074,04
2022-06-25,95.5966758976217,04
2022-07-02,48.48218014696016,04
2022-07-09,36.68782401542307,04
2022-07-16,28.83392525133099,04
2022-07-23,23.93360889831346,04
2022-07-30,21.0,04
2022-08-06,18.82191087778202,04
2022-08-13,16.854230043949393,04
2022-08-20,15.109196828479382,04
2022-08-27,13.59905056134922,04
2022-09-03,12.336030572536165,04
2022-09-10,11.332376192017467,04
2022-09-17,10.600326749770375,04
2022-09-24,10.152121575772135,04
2022-10-01,10.0,04
2022-10-08,13.510171130356202,04
2022-10-15,23.717767325592813,04
2022-10-22,40.13841279196185,04
2022-10-29,62.287731735715305,04
2022-11-05,89.68134836310522,04
2022-11-12,121.83488688038358,04
2022-11-19,193.3587528098164,04
2022-02-12,30.23109871800241,05
2022-02-19,32.89883681287643,05
2022-02-26,31.89004919940384,05
2022-03-05,31.14296557594145,05
2022-03-12,30.221751910115,05
2022-03-19,43.65260367678486,05
2022-03-26,47.22783465832322,05
2022-04-02,55.29029090697324,05
2022-04-09,78.20159744898893,05
2022-04-16,46.902048864573125,05
2022-04-23,57.020180270967856,05
2022-04-30,26.76025438190001,05
2022-05-07,20.341209428628225,05
2022-05-14,20.17210653929763,05
2022-05-21,10.458002624150446,05
2022-05-28,11.402929649123896,05
2022-06-04,3.471514380338083,05
2022-06-11,4.247942747640284,05
2022-06-18,7.0331013073880175,05
2022-06-25,9.258309980636362,05
2022-07-02,6.55476682809413,05
2022-07-09,5.862202923487344,05
2022-07-16,5.377710891631885,05
2022-07-23,5.093055120984015,05
2022-07-30,5.0,05
2022-08-06,5.046352236604534,05
2022-08-13,5.1930970256467335,05
2022-08-20,5.451766485969494,05
2022-08-27,5.833892736415711,05
2022-09-03,6.351007895828281,05
2022-09-10,7.014644083050099,05
2022-09-17,7.836333416924061,05
2022-09-24,8.827608016293063,05
2022-10-01,10.0,05
2022-10-08,84.49392354822452,05
2022-10-15,246.73372222418112,05
2022-10-22,408.65682222126526,05
2022-10-29,482.2006497328721,05
2022-11-05,148.92820401678043,05
2022-11-12,201.7539931819791,05
2022-11-19,225.1731932355533,05
2022-02-12,34.95652429384866,06
2022-02-19,34.15469749157103,06
2022-02-26,32.33062843254538,06
2022-03-05,15.4,06
2022-03-12,20.951826802277623,06
2022-03-19,19.910457550075687,06
2022-03-26,26.400406871413168,06
2022-04-02,31.80683616416659,06
2022-04-09,74.4648915538336,06
2022-04-16,87.3737263377644,06
2022-04-23,113.98871855691772,06
2022-04-30,122.94880785785422,06
2022-05-07,151.74203522956765,06
2022-05-14,188.97315859236144,06
2022-05-21,201.859535113374,06
2022-05-28,278.8260398626035,06
2022-06-04,283.92814469606526,06
2022-06-11,278.8965125777321,06
2022-06-18,291.6276001987126,06
2022-06-25,304.3586878196931,06
2022-07-02,277.5860749897783,06
2022-07-09,222.21578928580746,06
2022-07-16,144.7397383954954,06
2022-07-23,75.79033705488018,06
2022-07-30,46.0,06
2022-08-06,46.3297534121177,06
2022-08-13,47.31463076957244,06
2022-08-20,48.94805775401668,06
2022-08-27,51.2234600471029,06
2022-09-03,54.13426333048357,06
2022-09-10,57.67389328581114,06
2022-09-17,61.83577559473809,06
2022-09-24,66.61333593891688,06
2022-10-01,72.0,06
2022-10-08,80.45715138516806,06
2022-10-15,96.47176764738063,06
2022-10-22,123.07566538695853,06
2022-10-29,163.30066120422262,06
2022-11-05,220.17857169949372,06
2022-11-12,296.74121347309267,06
2022-11-19,784.4966527357661,06
2022-02-12,20.102513401332487,08
2022-02-19,21.1207773298228,08
2022-02-26,24.789954275520483,08
2022-03-05,19.35653419264644,08
2022-03-12,22.37760656819454,08
2022-03-19,13.921803607540976,08
2022-03-26,26.35418861170228,08
2022-04-02,36.03342451675183,08
2022-04-09,107.69536753910675,08
2022-04-16,150.27348870235312,08
2022-04-23,121.60544706818509,08
2022-04-30,135.75165278852538,08
2022-05-07,211.8478445591483,08
2022-05-14,173.8321455673715,08
2022-05-21,222.6416527270753,08
2022-05-28,138.96375032658693,08
2022-06-04,89.5057231385819,08
2022-06-11,56.30905702613991,08
2022-06-18,34.08553658382189,08
2022-06-25,22.702173954950336,08
2022-07-02,21.848901862922467,08
2022-07-09,19.387718087476117,08
2022-07-16,15.42317091796065,08
2022-07-23,11.459263755195472,08
2022-07-30,9.0,08
2022-08-06,7.841659850953098,08
2022-08-13,6.784162017142302,08
2022-08-20,5.83696766515002,08
2022-08-27,5.009537961558661,08
2022-09-03,4.311334072950632,08
2022-09-10,3.751817165908344,08
2022-09-17,3.3404484070142035,08
2022-09-24,3.0866889628506193,08
2022-10-01,3.0,08
2022-10-08,3.7188759559211304,08
2022-10-15,5.83989437774252,08
2022-10-22,9.309641096551166,08
2022-10-29,14.074701943434068,08
2022-11-05,20.081662749478223,08
2022-11-12,27.277109345770626,08
2022-11-19,45.211208069612624,08
2022-02-12,5.466296505261509,09
2022-02-19,4.132167980945883,09
2022-02-26,1.5220544127024476,09
2022-03-05,2.888348355736328,09
2022-03-12,2.4840184150128137,09
2022-03-19,1.513478612258928,09
2022-03-26,1.644897425614026,09
2022-04-02,6.637387154544214,09
2022-04-09,27.54458445959521,09
2022-04-16,35.20109886559895,09
2022-04-23,49.3599822331224,09
2022-04-30,65.26557484102139,09
2022-05-07,64.00829629946912,09
2022-05-14,55.66516070860432,09
2022-05-21,72.10527229749134,09
2022-05-28,65.66166264265185,09
2022-06-04,65.61720471410227,09
2022-06-11,40.49517193063439,09
2022-06-18,25.927142298879758,09
2022-06-25,15.858348952056753,09
2022-07-02,9.405037798922736,09
2022-07-09,7.19328361381622,09
2022-07-16,5.627329605935861,09
2022-07-23,4.598970244818256,09
2022-07-30,4.0,09
2022-08-06,3.599289084540364,09
2022-08-13,3.2390348674925553,09
2022-08-20,2.9210225523840854,09
2022-08-27,2.647037342742466,09
2022-09-03,2.4188644420952077,09
2022-09-10,2.2382890539698206,09
2022-09-17,2.1070963818938164,09
2022-09-24,2.027071629394706,09
2022-10-01,2.0,09
2022-10-08,16.69567818633814,09
2022-10-15,53.434873652183484,09
2022-10-22,101.19582775778241,09
2022-10-29,148.95678186338137,09
2022-11-05,185.6959773292267,09
2022-11-12,200.39165551556488,09
2022-11-19,76.87772656003638,09
2022-02-12,3.522796298695793,10
2022-02-19,1.1008929914030876,10
2022-02-26,4.451031000501131,10
2022-03-05,3.410531922765313,10
2022-03-12,0.701553227618731,10
2022-03-19,2.783194278188017,10
2022-03-26,3.4089091237322,10
2022-04-02,3.1218469643029554,10
2022-04-09,6.551097695032032,10
2022-04-16,6.054006205377238,10
2022-04-23,10.07920515407166,10
2022-04-30,38.391982709041166,10
2022-05-07,21.4928759088086,10
2022-05-14,6.233956113872926,10
2022-05-21,5.356421641888444,10
2022-05-28,2.581186287731829,10
2022-06-04,2.942601550968683,10
2022-06-11,1.2575323677164096,10
2022-06-18,1.4531209231807858,10
2022-06-25,1.6487094786451624,10
2022-07-02,0.7186183340874439,10
2022-07-09,0.9188342193862808,10
2022-07-16,1.359309167043722,10
2022-07-23,1.7997841147011637,10
2022-07-30,2.0,10
2022-08-06,1.9314128943758575,10
2022-08-13,1.747599451303155,10
2022-08-20,1.4814814814814816,10
2022-08-27,1.1659807956104253,10
2022-09-03,0.8340192043895749,10
2022-09-10,0.5185185185185186,10
2022-09-17,0.25240054869684525,10
2022-09-24,0.06858710562414272,10
2022-10-01,0.0,10
2022-10-08,0.2603384280100869,10
2022-10-15,1.0608400089208416,10
2022-10-22,2.430734188053006,10
2022-10-29,4.399250410727321,10
2022-11-05,6.995618122264527,10
2022-11-12,10.249066767985369,10
2022-11-19,21.423137220102447,10
2022-02-12,83.08559914732457,12
2022-02-19,90.75512297678496,12
2022-02-26,79.2662739673039,12
2022-03-05,73.19422271884872,12
2022-03-12,65.55053098073722,12
2022-03-19,61.654756160424206,12
2022-03-26,58.10995088238259,12
2022-04-02,59.96706688633,12
2022-04-09,73.52616615356159,12
2022-04-16,73.738296081157,12
2022-04-23,75.56219087094075,12
2022-04-30,120.5987343266285,12
2022-05-07,177.6749702184354,12
2022-05-14,185.0886369729404,12
2022-05-21,229.8888935238492,12
2022-05-28,267.9165503117164,12
2022-06-04,274.7851396181237,12
2022-06-11,308.2383027964563,12
2022-06-18,295.7626687982411,12
2022-06-25,263.56117854667167,12
2022-07-02,219.47194965636186,12
2022-07-09,171.33309974192576,12
2022-07-16,126.98274641797744,12
2022-07-23,94.25900729913087,12
2022-07-30,81.0,12
2022-08-06,80.14070389819571,12
2022-08-13,79.38944975769246,12
2022-08-20,78.74438227264973,12
2022-08-27,78.20364613722712,12
2022-09-03,77.76538604558415,12
2022-09-10,77.42774669188043,12
2022-09-17,77.18887277027544,12
2022-09-24,77.04690897492878,12
2022-10-01,77.0,12
2022-10-08,79.06787326972076,12
2022-10-15,86.22807651606855,12
2022-10-22,99.9154848948217,12
2022-10-29,121.56497356175849,12
2022-11-05,152.6114176726572,12
2022-11-12,475.89492244551,12
2022-11-19,550.6569445281244,12
2022-02-12,41.990269007544725,13
2022-02-19,45.8601864259438,13
2022-02-26,45.52339510295112,13
2022-03-05,45.034697860926265,13
2022-03-12,43.03699975833677,13
2022-03-19,32.06082623975477,13
2022-03-26,36.94362019373992,13
2022-04-02,27.31568924914548,13
2022-04-09,25.775584724906327,13
2022-04-16,30.88998144533721,13
2022-04-23,22.02988547349997,13
2022-04-30,26.326003068183297,13
2022-05-07,28.47166914731676,13
2022-05-14,22.25284060656469,13
2022-05-21,24.82342191221958,13
2022-05-28,27.45376493724524,13
2022-06-04,28.758150433263587,13
2022-06-11,37.17541397925319,13
2022-06-18,39.10776037161278,13
2022-06-25,39.803272564268255,13
2022-07-02,32.9599988116405,13
2022-07-09,32.962936006854456,13
2022-07-16,32.97116476457432,13
2022-07-23,32.98381084291716,13
2022-07-30,33.0,13
2022-08-06,33.227911668668185,13
2022-08-13,33.89983491942538,13
2022-08-20,35.051059966876124,13
2022-08-27,36.71687702562496,13
2022-09-03,38.93257631027647,13
2022-09-10,41.73344803543517,13
2022-09-17,45.154782415705625,13
2022-09-24,49.231869665692386,13
2022-10-01,54.0,13
2022-10-08,99.39673495993128,13
2022-10-15,192.606512006043,13
2022-10-22,284.53493523182067,13
2022-10-29,326.08760873074976,13
2022-11-05,266.14680405131713,13
2022-11-12,355.9818127049334,13
2022-11-19,325.1429264362184,13
2022-02-12,0.0,15
2022-02-19,0.0,15
2022-02-26,0.0,15
2022-03-05,0.0,15
2022-03-12,0.0,15
2022-03-19,0.0,15
2022-03-26,0.0,15
2022-04-02,0.4,15
2022-04-09,0.0,15
2022-04-16,0.4,15
2022-04-23,2.0,15
2022-04-30,8.8,15
2022-05-07,7.699999999999998,15
2022-05-14,5.4,15
2022-05-21,4.4,15
2022-05-28,5.5,15
2022-06-04,10.0,15
2022-06-11,8.399999999999999,15
2022-06-18,8.251934540868966,15
2022-06-25,8.1,15
2022-07-02,6.0,15
2022-07-09,4.554687500000001,15
2022-07-16,3.2708333333333335,15
2022-07-23,2.3515624999999996,15
2022-07-30,2.0,15
2022-08-06,2.063764284459359,15
2022-08-13,2.241693514126275,15
2022-08-20,2.513742253434007,15
2022-08-27,2.859865066815812,15
2022-09-03,3.2600165187049504,15
2022-09-10,3.6941511735346797,15
2022-09-17,4.142223595738258,15
2022-09-24,4.5841883497489455,15
2022-10-01,5.0,15
2022-10-08,5.4523793272588605,15
2022-10-15,5.964769919507972,15
2022-10-22,6.458210552003097,15
2022-10-29,6.853739999999999,15
2022-11-05,7.14361294520826,15
2022-11-12,7.367309999999998,15
2022-02-12,1.7541396052879616,16
2022-02-19,2.223665496460581,16
2022-02-26,1.7335302553732976,16
2022-03-05,0.4883832835259785,16
2022-03-12,1.7507532681107074,16
2022-03-19,0.9288160341894334,16
2022-03-26,7.0206422771819454,16
2022-04-02,8.486687295660406,16
2022-04-09,26.901591092987783,16
2022-04-16,20.72181170335284,16
2022-04-23,20.65366510839577,16
2022-04-30,18.992016581471,16
2022-05-07,12.358553693819328,16
2022-05-14,10.531676968158472,16
2022-05-21,8.5800594639188,16
2022-05-28,8.386602579486738,16
2022-06-04,7.231553282605549,16
2022-06-11,2.365753739798566,16
2022-06-18,2.0267059954822653,16
2022-06-25,1.9232033811897689,16
2022-07-02,3.1775392095413326,16
2022-07-09,2.8372987080504997,16
2022-07-16,2.0887696047706665,16
2022-07-23,1.3402405014908336,16
2022-07-30,1.0,16
2022-08-06,1.01207305615702,16
2022-08-13,1.048428536055743,16
2022-08-20,1.109270906837663,16
2022-08-27,1.1948046356442745,16
2022-09-03,1.3052341896170716,16
2022-09-10,1.4407640358975484,16
2022-09-17,1.6015986416271992,16
2022-09-24,1.7879424739475183,16
2022-10-01,2.0,16
2022-10-08,3.0048599435974648,16
2022-10-15,5.403088564904244,16
2022-10-22,8.945106635589095,16
2022-10-29,13.381334927320776,16
2022-11-05,18.462194211768043,16
2022-11-12,23.938105260599663,16
2022-11-19,29.55948884548438,16
2022-02-12,14.067740299873654,17
2022-02-19,15.709749712190504,17
2022-02-26,10.710073533287536,17
2022-03-05,16.831657345249997,17
2022-03-12,19.063992368829595,17
2022-03-19,11.32671958770992,17
2022-03-26,21.11915666052136,17
2022-04-02,38.20101727707778,17
2022-04-09,130.27499946336823,17
2022-04-16,125.76751908256033,17
2022-04-23,139.79054893496706,17
2022-04-30,97.0444148901546,17
2022-05-07,94.11033508601912,17
2022-05-14,81.17979224943245,17
2022-05-21,84.85965426473457,17
2022-05-28,84.08974584073259,17
2022-06-04,64.52666766223487,17
2022-06-11,37.56641729958561,17
2022-06-18,24.049815702070326,17
2022-06-25,16.20111884431568,17
2022-07-02,12.92214638289161,17
2022-07-09,12.51423185543973,17
2022-07-16,12.278887108712984,17
2022-07-23,12.134635403352648,17
2022-07-30,12.0,17
2022-08-06,11.841667995459828,17
2022-08-13,11.683865846442922,17
2022-08-20,11.53142585344957,17
2022-08-27,11.389180316980054,17
2022-09-03,11.261961537534662,17
2022-09-10,11.154601815613674,17
2022-09-17,11.07193345171738,17
2022-09-24,11.01878874634606,17
2022-10-01,11.0,17
2022-10-08,11.754379978213327,17
2022-10-15,14.433989293496035,17
2022-10-22,19.663532016812212,17
2022-10-29,28.06771221912595,17
2022-11-05,40.27123397140134,17
2022-11-12,217.62473133699592,17
2022-11-19,315.22283283735374,17
2022-02-12,52.05385512113023,18
2022-02-19,63.18989916054794,18
2022-02-26,35.575396383329974,18
2022-03-05,54.4679297447222,18
2022-03-12,37.89804249265711,18
2022-03-19,51.17699422911898,18
2022-03-26,68.24162460824255,18
2022-04-02,89.49081873378097,18
2022-04-09,165.1217243289462,18
2022-04-16,106.08251502373145,18
2022-04-23,76.8235575425337,18
2022-04-30,52.25508297812545,18
2022-05-07,32.37591070070523,18
2022-05-14,28.172311312531605,18
2022-05-21,18.348621783350595,18
2022-05-28,12.063466160581926,18
2022-06-04,12.97921609758057,18
2022-06-11,7.703312854506576,18
2022-06-18,7.418248732870269,18
2022-06-25,7.332823093442232,18
2022-07-02,8.022924933922484,18
2022-07-09,9.74360380577178,18
2022-07-16,12.471766781522685,18
2022-07-23,15.469777599992867,18
2022-07-30,18.0,18
2022-08-06,19.783971229885257,18
2022-08-13,21.146903884004956,18
2022-08-20,22.256674720199495,18
2022-08-27,23.281160496309244,18
2022-09-03,24.388237970174615,18
2022-09-10,25.74578389963599,18
2022-09-17,27.521675042533747,18
2022-09-24,29.883788156708285,18
2022-10-01,33.0,18
2022-10-08,50.83330097539075,18
2022-10-15,86.30862070335152,18
2022-10-22,123.03674476795636,18
2022-10-29,144.6284587532793,18
2022-11-05,150.4830770295054,18
2022-11-12,208.56315513126475,18
2022-11-19,261.702351655164,18
2022-02-12,10.726392918055517,19
2022-02-19,19.34576227683976,19
2022-02-26,46.25262442263153,19
2022-03-05,43.692156297811785,19
2022-03-12,51.122242716674464,19
2022-03-19,52.88654252326853,19
2022-03-26,48.8530763137773,19
2022-04-02,35.470006467123845,19
2022-04-09,28.12918736572916,19
2022-04-16,21.040091751175765,19
2022-04-23,11.374113215376765,19
2022-04-30,11.695115969261549,19
2022-05-07,10.62119265036201,19
2022-05-14,6.726374575209162,19
2022-05-21,9.500873336164004,19
2022-05-28,5.126790521928095,19
2022-06-04,3.853582167470873,19
2022-06-11,1.2639138952253446,19
2022-06-18,4.183284896888914,19
2022-06-25,7.10265589855248,19
2022-07-02,4.297624638318255,19
2022-07-09,2.6665507482728716,19
2022-07-16,1.2958611722185442,19
2022-07-23,0.3516471696345083,19
2022-07-30,0.0,19
2022-08-06,0.11069037228400405,19
2022-08-13,0.4182805005248784,19
2022-08-20,0.8860489018059162,19
2022-08-27,1.477274093210411,19
2022-09-03,2.1552345918216558,19
2022-09-10,2.8832089147229434,19
2022-09-17,3.624475578997568,19
2022-09-24,4.342313101728823,19
2022-10-01,5.0,19
2022-10-08,5.488107922719725,19
2022-10-15,5.909988303120645,19
2022-10-22,6.548089334772088,19
2022-10-29,7.684859211243382,19
2022-11-05,15.220137529558455,19
2022-11-12,23.64185583933016,19
2022-11-19,17.82363271618097,19
2022-02-12,16.099213896495186,20
2022-02-19,20.577376313619528,20
2022-02-26,17.746725797276017,20
2022-03-05,23.294671234902985,20
2022-03-12,25.89439588833328,20
2022-03-19,25.19111376642911,20
2022-03-26,32.30415823886294,20
2022-04-02,31.082233407912675,20
2022-04-09,64.46812411863053,20
2022-04-16,24.269581805813967,20
2022-04-23,19.052917328665995,20
2022-04-30,17.686584789706956,20
2022-05-07,12.27586169072242,20
2022-05-14,14.752967956157624,20
2022-05-21,10.227533537029824,20
2022-05-28,3.8140738479946847,20
2022-06-04,2.000265962276424,20
2022-06-11,0.8115302972604137,20
2022-06-18,0.5253648266816775,20
2022-06-25,0.3184874894116795,20
2022-07-02,0.0,20
2022-07-09,0.78125,20
2022-07-16,2.5,20
2022-07-23,4.21875,20
2022-07-30,5.0,20
2022-08-06,5.0,20
2022-08-13,5.0,20
2022-08-20,5.0,20
2022-08-27,5.0,20
2022-09-03,5.0,20
2022-09-10,5.0,20
2022-09-17,5.0,20
2022-09-24,5.0,20
2022-10-01,5.0,20
2022-10-08,5.843507783954508,20
2022-10-15,8.361413664288358,20
2022-10-22,12.53479143370704,20
2022-10-29,18.344714884916044,20
2022-11-05,25.77225781062086,20
2022-11-12,34.798494003526976,20
2022-11-19,59.4275751483508,20
2022-02-12,35.70074070467287,21
2022-02-19,23.459058248261936,21
2022-02-26,21.93166009505268,21
2022-03-05,21.65503431861635,21
2022-03-12,24.18899601901904,21
2022-03-19,19.05923051672145,21
2022-03-26,25.47059063473864,21
2022-04-02,27.22799272257952,21
2022-04-09,51.07662522045326,21
2022-04-16,57.94853179084816,21
2022-04-23,78.78607656005366,21
2022-04-30,83.33098697936605,21
2022-05-07,79.02836532658151,21
2022-05-14,77.61636214090241,21
2022-05-21,50.50073867559697,21
2022-05-28,28.23805359950183,21
2022-06-04,25.71850003908816,21
2022-06-11,16.349816900999805,21
2022-06-18,11.607627164399469,21
2022-06-25,7.827847730322433,21
2022-07-02,3.6973880284043705,21
2022-07-09,4.213421148966187,21
2022-07-16,5.348694014202184,21
2022-07-23,6.4839668794381815,21
2022-07-30,7.0,21
2022-08-06,6.862825788751715,21
2022-08-13,6.49519890260631,21
2022-08-20,5.962962962962964,21
2022-08-27,5.331961591220851,21
2022-09-03,4.66803840877915,21
2022-09-10,4.037037037037037,21
2022-09-17,3.5048010973936905,21
2022-09-24,3.1371742112482854,21
2022-10-01,3.0,21
2022-10-08,4.6821186896686555,21
2022-10-15,9.840011756308634,21
2022-10-22,18.640984696370957,21
2022-10-29,31.25234300630664,21
2022-11-05,100.51988430432748,21
2022-11-12,226.242706335628,21
2022-11-19,395.3327393917241,21
2022-02-12,13.38779071935736,22
2022-02-19,25.091592097033345,22
2022-02-26,18.63532224866341,22
2022-03-05,26.221370263929145,22
2022-03-12,26.27234264454253,22
2022-03-19,19.99953163407191,22
2022-03-26,26.58273881776305,22
2022-04-02,32.94483312885196,22
2022-04-09,34.10866775791318,22
2022-04-16,32.810017850001785,22
2022-04-23,23.19901576174069,22
2022-04-30,25.27872125231708,22
2022-05-07,22.92355833357797,22
2022-05-14,15.800495832220507,22
2022-05-21,13.793831852956677,22
2022-05-28,5.820763671676405,22
2022-06-04,5.2491009362541305,22
2022-06-11,2.55292223728188,22
2022-06-18,5.839850600585697,22
2022-06-25,9.126778963889516,22
2022-07-02,5.85921854996023,22
2022-07-09,4.315918166450162,22
2022-07-16,3.0937892882434204,22
2022-07-23,2.2895704034050253,22
2022-07-30,2.0,22
2022-08-06,2.418116292198063,22
2022-08-13,3.6856292449154426,22
2022-08-20,5.8222849723369245,22
2022-08-27,8.847829588647295,22
2022-09-03,12.782009208031342,22
2022-09-10,17.64456994467385,22
2022-09-17,23.455257912759606,22
2022-09-24,30.233819226473393,22
2022-10-01,38.0,22
2022-10-08,72.04312314987077,22
2022-10-15,136.1914497756435,22
2022-10-22,198.27313326604252,22
2022-10-29,226.11632700979231,22
2022-11-05,205.8494113164061,22
2022-11-12,403.63262603829287,22
2022-11-19,260.694212295176,22
2022-02-12,0.0759560083897513,23
2022-02-19,1.2253186694632503,23
2022-02-26,2.736657954848992,23
2022-03-05,2.7868227182097574,23
2022-03-12,1.813500231861416,23
2022-03-19,1.729181517013738,23
2022-03-26,2.599916832589599,23
2022-04-02,0.0,23
2022-04-09,1.951617066834592,23
2022-04-16,4.847489567814999,23
2022-04-23,6.934330054654712,23
2022-04-30,12.504757212845297,23
2022-05-07,19.52919296429367,23
2022-05-14,26.756452776872152,23
2022-05-21,10.740290034270362,23
2022-05-28,25.36778575662364,23
2022-06-04,25.239998031431227,23
2022-06-11,18.67669190716177,23
2022-06-18,12.38632841065291,23
2022-06-25,6.67034812279176,23
2022-07-02,2.0414604075764737,23
2022-07-09,1.1066333364557985,23
2022-07-16,0.4733089749554803,23
2022-07-23,0.11369522787154057,23
2022-07-30,0.0,23
2022-08-06,0.0013717421124828531,23
2022-08-13,0.010973936899862825,23
2022-08-20,0.037037037037037035,23
2022-08-27,0.0877914951989026,23
2022-09-03,0.17146776406035663,23
2022-09-10,0.2962962962962963,23
2022-09-17,0.47050754458161864,23
2022-09-24,0.7023319615912208,23
2022-10-01,1.0,23
2022-10-08,1.371742112482853,23
2022-10-15,1.8257887517146776,23
2022-10-22,2.3703703703703702,23
2022-10-29,3.013717421124828,23
2022-11-05,3.764060356652949,23
2022-11-12,4.629629629629629,23
2022-02-12,6.996782614443237,24
2022-02-19,8.515030595988183,24
2022-02-26,6.913424523088647,24
2022-03-05,6.089591542663648,24
2022-03-12,9.851100746724809,24
2022-03-19,14.288398619570248,24
2022-03-26,10.28424530530738,24
2022-04-02,16.853270556425823,24
2022-04-09,39.54505506941712,24
2022-04-16,29.687922612169658,24
2022-04-23,43.713752208823664,24
2022-04-30,48.33624530600391,24
2022-05-07,42.73286531133432,24
2022-05-14,60.84815454750597,24
2022-05-21,35.20196939104282,24
2022-05-28,42.7878054884862,24
2022-06-04,33.40410164379438,24
2022-06-11,19.11132381213112,24
2022-06-18,13.887731657418302,24
2022-06-25,11.699085647791165,24
2022-07-02,11.569048831249454,24
2022-07-09,10.426838083787976,24
2022-07-16,8.181593866665837,24
2022-07-23,5.9878149240231435,24
2022-07-30,5.0,24
2022-08-06,5.045861785990112,24
2022-08-13,5.185207608990081,24
2022-08-20,5.420678166544363,24
2022-08-27,5.75491415619741,24
2022-09-03,6.190556275493676,24
2022-09-10,6.730245221977614,24
2022-09-17,7.3766216931936786,24
2022-09-24,8.132326386686323,24
2022-10-01,9.0,24
2022-10-08,10.662313657545036,24
2022-10-15,14.37276002546627,24
2022-10-22,20.99021211390992,24
2022-10-29,31.37354293302221,24
2022-11-05,104.97529252795805,24
2022-11-12,260.202786133042,24
2022-11-19,287.5899423437145,24
2022-02-12,66.73922436878662,25
2022-02-19,61.31142331302728,25
2022-02-26,42.455818994479934,25
2022-03-05,49.72106284765204,25
2022-03-12,36.95770175923526,25
2022-03-19,22.84320201088503,25
2022-03-26,29.75472720505418,25
2022-04-02,31.94179826136325,25
2022-04-09,25.689096375295208,25
2022-04-16,91.75847648898691,25
2022-04-23,151.13032321459758,25
2022-04-30,190.5598493827124,25
2022-05-07,214.065435795474,25
2022-05-14,216.42988940822656,25
2022-05-21,200.63128328763204,25
2022-05-28,144.1105125508672,25
2022-06-04,107.77961080432851,25
2022-06-11,57.34696381312723,25
2022-06-18,40.50802569402407,25
2022-06-25,27.60240003449461,25
2022-07-02,9.33802477442316,25
2022-07-09,7.302047036472542,25
2022-07-16,6.036778441999633,25
2022-07-23,5.337626820132698,25
2022-07-30,5.0,25
2022-08-06,4.787879832229977,25
2022-08-13,4.601502721497214,25
2022-08-20,4.440658327999197,25
2022-08-27,4.3051363119334125,25
2022-09-03,4.194726333497347,25
2022-09-10,4.109218052888488,25
2022-09-17,4.048401130304319,25
2022-09-24,4.012065225942328,25
2022-10-01,4.0,25
2022-10-08,5.067997337670939,25
2022-10-15,8.043052846396353,25
2022-10-22,12.581761769745128,25
2022-10-29,18.34071935128616,25
2022-11-05,24.97652083458834,25
2022-11-12,32.14576146322055,25
2022-11-19,39.5050364807517,25
2022-02-12,38.2784120994488,26
2022-02-19,36.29320569640839,26
2022-02-26,42.84831478766672,26
2022-03-05,46.79666635111724,26
2022-03-12,48.178213160857325,26
2022-03-19,52.948630142769055,26
2022-03-26,59.04895159868884,26
2022-04-02,91.54580866034556,26
2022-04-09,159.52742022930545,26
2022-04-16,199.85000720160184,26
2022-04-23,174.20175636463225,26
2022-04-30,127.56616577271122,26
2022-05-07,94.57127071595689,26
2022-05-14,84.02984504210094,26
2022-05-21,92.06900659279444,26
2022-05-28,85.70489616644869,26
2022-06-04,74.06766375341786,26
2022-06-11,49.13661169472921,26
2022-06-18,34.35413308238189,26
2022-06-25,22.82926342247393,26
2022-07-02,12.646640522702311,26
2022-07-09,8.989962104433264,26
2022-07-16,6.2738617399317675,26
2022-07-23,4.5824906361399655,26
2022-07-30,4.0,26
2022-08-06,4.0,26
2022-08-13,4.0,26
2022-08-20,4.0,26
2022-08-27,4.0,26
2022-09-03,4.0,26
2022-09-10,4.0,26
2022-09-17,4.0,26
2022-09-24,4.0,26
2022-10-01,4.0,26
2022-10-08,6.986585407022454,26
2022-10-15,14.927568700760478,26
2022-10-22,26.29479049022006,26
2022-10-29,39.560091384407194,26
2022-11-05,53.19531199232787,26
2022-11-12,65.67229292298808,26
2022-11-19,77.87128120419075,26
2022-02-12,31.42331124108816,27
2022-02-19,33.848145051586215,27
2022-02-26,27.805403001045804,27
2022-03-05,32.023956491163275,27
2022-03-12,25.729878504194154,27
2022-03-19,23.114857630930537,27
2022-03-26,24.692009011983124,27
2022-04-02,27.457151643391377,27
2022-04-09,27.11879856763229,27
2022-04-16,24.649702801211845,27
2022-04-23,18.809908136024283,27
2022-04-30,23.764291590605325,27
2022-05-07,18.049419113293062,27
2022-05-14,19.7124630046196,27
2022-05-21,17.036023575534465,27
2022-05-28,9.4553631774417,27
2022-06-04,5.871304935534023,27
2022-06-11,3.767316044048117,27
2022-06-18,2.0434862894773,27
2022-06-25,1.1482406323681262,27
2022-07-02,2.066967373477656,27
2022-07-09,2.450304380879591,27
2022-07-16,2.744639828523556,27
2022-07-23,2.9333972052751567,27
2022-07-30,3.0,27
2022-08-06,2.9657064471879284,27
2022-08-13,2.873799725651578,27
2022-08-20,2.7407407407407405,27
2022-08-27,2.5829903978052124,27
2022-09-03,2.4170096021947876,27
2022-09-10,2.2592592592592595,27
2022-09-17,2.1262002743484225,27
2022-09-24,2.0342935528120716,27
2022-10-01,2.0,27
2022-10-08,2.6092974696098246,27
2022-10-15,4.743694689014121,27
2022-10-22,8.86294887407512,27
2022-10-29,15.426817240655055,27
2022-11-05,24.89505700461616,27
2022-11-12,37.72742538182066,27
2022-11-19,185.09790012899435,27
2022-02-12,30.85831218918819,28
2022-02-19,32.1430782547112,28
2022-02-26,33.962529192928855,28
2022-03-05,29.48790168009885,28
2022-03-12,28.64225191178464,28
2022-03-19,29.22798515795528,28
2022-03-26,30.96229259835117,28
2022-04-02,27.08999164036349,28
2022-04-09,31.29491037364649,28
2022-04-16,17.96924895643267,28
2022-04-23,21.693453805029087,28
2022-04-30,15.328190677978723,28
2022-05-07,11.033043171683126,28
2022-05-14,12.632534219376067,28
2022-05-21,11.65663275097406,28
2022-05-28,12.970812812337485,28
2022-06-04,11.559402472782764,28
2022-06-11,7.799338795512835,28
2022-06-18,9.084531091549039,28
2022-06-25,10.93829407050179,28
2022-07-02,11.870092990478158,28
2022-07-09,12.975105808017522,28
2022-07-16,14.198055503596539,28
2022-07-23,15.539500694996825,28
2022-07-30,17.0,28
2022-08-06,18.38294253550334,28
2022-08-13,19.58663488001217,28
2022-08-20,20.754011843720214,28
2022-08-27,22.028008236821186,28
2022-09-03,23.5515588695088,28
2022-09-10,25.46759855197677,28
2022-09-17,27.91906209441882,28
2022-09-24,31.048884307028658,28
2022-10-01,35.0,28
2022-10-08,77.36704251843018,28
2022-10-15,164.84230647812825,28
2022-10-22,251.21521859535548,28
2022-10-29,290.27520558637315,28
2022-11-05,207.70615512050009,28
2022-11-12,314.8264048435984,28
2022-11-19,365.312263688839,28
2022-02-12,88.84965625378622,29
2022-02-19,81.73356530772614,29
2022-02-26,47.94222077222148,29
2022-03-05,68.71846448169705,29
2022-03-12,63.958594836901845,29
2022-03-19,67.8872731704693,29
2022-03-26,61.86420217352688,29
2022-04-02,68.78428605736686,29
2022-04-09,67.14897240274907,29
2022-04-16,69.35806215024208,29
2022-04-23,57.20749559375213,29
2022-04-30,53.942942459135125,29
2022-05-07,38.49824128876166,29
2022-05-14,39.76053937943833,29
2022-05-21,36.51006101560512,29
2022-05-28,13.913622240158356,29
2022-06-04,13.6765932829936,29
2022-06-11,5.538120168848296,29
2022-06-18,6.580873163106435,29
2022-06-25,8.194649723215164,29
2022-07-02,9.221525596525597,29
2022-07-09,10.580153050788502,29
2022-07-16,12.154754646013936,29
2022-07-23,13.457360317363802,29
2022-07-30,14.0,29
2022-08-06,14.0,29
2022-08-13,14.0,29
2022-08-20,14.0,29
2022-08-27,14.0,29
2022-09-03,14.0,29
2022-09-10,14.0,29
2022-09-17,14.0,29
2022-09-24,14.0,29
2022-10-01,14.0,29
2022-10-08,14.238145424075027,29
2022-10-15,15.028743375667846,29
2022-10-22,16.48603637383007,29
2022-10-29,18.72426693761332,29
2022-11-05,21.8576775860692,29
2022-11-12,43.03615221152832,29
2022-11-19,113.29068982658148,29
2022-02-12,9.209341112046392,30
2022-02-19,19.5300247796348,30
2022-02-26,11.962307151486488,30
2022-03-05,11.435435357047314,30
2022-03-12,11.669387525260788,30
2022-03-19,14.455007109859336,30
2022-03-26,11.647745807126627,30
2022-04-02,13.04093840917896,30
2022-04-09,14.040237250781288,30
2022-04-16,26.70626835812223,30
2022-04-23,15.23361693901899,30
2022-04-30,11.586364571053394,30
2022-05-07,10.008070060977609,30
2022-05-14,8.465456399688446,30
2022-05-21,8.94130738055472,30
2022-05-28,3.620960073588389,30
2022-06-04,3.8050553879436873,30
2022-06-11,5.179858312116652,30
2022-06-18,5.916792416214461,30
2022-06-25,6.24902621363314,30
2022-07-02,1.0095965668478777,30
2022-07-09,0.5208299532241343,30
2022-07-16,0.21056081670948334,30
2022-07-23,0.04741041355206005,30
2022-07-30,0.0,30
2022-08-06,0.03881194320132743,30
2022-08-13,0.14818748021699168,30
2022-08-20,0.3175361721645157,30
2022-08-27,0.5362675801614224,30
2022-09-03,0.7937912653252348,30
2022-09-10,1.0795167887734758,30
2022-09-17,1.3828537116236683,30
2022-09-24,1.6932115949933353,30
2022-10-01,2.0,30
2022-10-08,2.328398396202747,30
2022-10-15,2.7067170856830303,30
2022-10-22,3.129061878341926,30
2022-10-29,3.5895385840805094,30
2022-11-05,4.082253012799856,30
2022-11-12,4.601310974401042,30
2022-11-19,5.140818278785144,30
2022-02-12,37.06942377204775,31
2022-02-19,40.066510841783455,31
2022-02-26,32.727092689029085,31
2022-03-05,32.345652787957455,31
2022-03-12,32.90434375579732,31
2022-03-19,40.62253957131488,31
2022-03-26,32.912733816407666,31
2022-04-02,49.49024077302005,31
2022-04-09,53.9011686962512,31
2022-04-16,18.36988453923285,31
2022-04-23,20.37897600146152,31
2022-04-30,14.409679007106485,31
2022-05-07,7.203534675336321,31
2022-05-14,6.968152472139214,31
2022-05-21,1.7582617865877896,31
2022-05-28,1.6893328623874049,31
2022-06-04,1.719714917087941,31
2022-06-11,0.894876587146497,31
2022-06-18,1.248644956602786,31
2022-06-25,1.6024133260590747,31
2022-07-02,0.5387911362282803,31
2022-07-09,0.9249471576100402,31
2022-07-16,1.8569745985606168,31
2022-07-23,2.995212524287954,31
2022-07-30,4.0,31
2022-08-06,4.779173657803576,31
2022-08-13,5.48723021802254,31
2022-08-20,6.154498878190391,31
2022-08-27,6.811308835840627,31
2022-09-03,7.487989288506746,31
2022-09-10,8.214869433722244,31
2022-09-17,9.02227846902062,31
2022-09-24,9.940545591935374,31
2022-10-01,11.0,31
2022-10-08,12.519538760861385,31
2022-10-15,14.505802707715397,31
2022-10-22,16.520736686419,31
2022-10-29,18.12628554282916,31
2022-11-05,19.308924403292878,31
2022-11-12,20.314346229128375,31
2022-11-19,21.093322618649434,31
2022-02-12,12.959270722773711,32
2022-02-19,1.4878920292717868,32
2022-02-26,10.765795954386402,32
2022-03-05,2.509175193833741,32
2022-03-12,6.446237846094683,32
2022-03-19,15.242314656392972,32
2022-03-26,16.291645303464804,32
2022-04-02,25.731175370436567,32
2022-04-09,70.41610564457001,32
2022-04-16,69.9207671183768,32
2022-04-23,128.27724022379834,32
2022-04-30,99.02064446156018,32
2022-05-07,77.68587574654931,32
2022-05-14,49.48293902509916,32
2022-05-21,44.06907000553888,32
2022-05-28,39.46752513906185,32
2022-06-04,39.35792390174993,32
2022-06-11,34.729910569436605,32
2022-06-18,36.06017101417434,32
2022-06-25,37.39043145891207,32
2022-07-02,24.01758724378024,32
2022-07-09,16.994188553531743,32
2022-07-16,11.268215236638714,32
2022-07-23,7.412531112371386,32
2022-07-30,6.0,32
2022-08-06,6.27434842249657,32
2022-08-13,7.00960219478738,32
2022-08-20,8.074074074074073,32
2022-08-27,9.336076817558299,32
2022-09-03,10.6639231824417,32
2022-09-10,11.925925925925924,32
2022-09-17,12.99039780521262,32
2022-09-24,13.72565157750343,32
2022-10-01,14.0,32
2022-10-08,13.950503552862605,32
2022-10-15,13.83247356353497,32
2022-10-22,13.691599060143925,32
2022-10-29,13.573569070816289,32
2022-11-05,13.524072623678896,32
2022-11-12,14.711794951732042,32
2022-11-19,37.86326170047359,32
2022-02-12,1.3905905331042927,33
2022-02-19,1.165736098245446,33
2022-02-26,7.62449918376907,33
2022-03-05,5.415615654241122,33
2022-03-12,5.257615989282286,33
2022-03-19,3.9641551677941225,33
2022-03-26,9.630958000702176,33
2022-04-02,6.577304595540913,33
2022-04-09,14.610844539072955,33
2022-04-16,6.062214278560139,33
2022-04-23,13.175172883087589,33
2022-04-30,15.823851276040967,33
2022-05-07,28.548011286464245,33
2022-05-14,29.22411122415093,33
2022-05-21,28.324135156149623,33
2022-05-28,13.429032010666337,33
2022-06-04,10.09269177473035,33
2022-06-11,7.239363556932565,33
2022-06-18,3.803629169698053,33
2022-06-25,1.4792275808629387,33
2022-07-02,1.0830073350853189,33
2022-07-09,1.2262874389782379,33
2022-07-16,1.5415036675426594,33
2022-07-23,1.856719896107081,33
2022-07-30,2.0,33
2022-08-06,1.9842305383260712,33
2022-08-13,1.932461205128904,33
2022-08-20,1.8380005781454263,33
2022-08-27,1.6941572351125656,33
2022-09-03,1.4942397537672503,33
2022-09-10,1.231556711846408,33
2022-09-17,0.899416687086967,33
2022-09-24,0.49112825722585507,33
2022-10-01,0.0,33
2022-10-08,-0.5806595068536695,33
2022-10-15,-1.2575416855982264,33
2022-10-22,-2.0373379584967424,33
2022-10-29,-2.9267397478122894,33
2022-11-05,-3.9324384758079396,33
2022-11-12,-5.0611255647467654,33
2022-02-12,25.19560124708682,34
2022-02-19,26.765774344283045,34
2022-02-26,24.304747901612945,34
2022-03-05,22.95944023344235,34
2022-03-12,23.741826376991103,34
2022-03-19,27.46198879243839,34
2022-03-26,24.265986466842683,34
2022-04-02,36.256699275346655,34
2022-04-09,84.0042013083126,34
2022-04-16,97.17065820194588,34
2022-04-23,161.92247760064558,34
2022-04-30,181.18331005025817,34
2022-05-07,143.83652831546107,34
2022-05-14,99.34346268131324,34
2022-05-21,93.50736900003608,34
2022-05-28,71.827179345813,34
2022-06-04,53.19403294568254,34
2022-06-11,38.33367482690938,34
2022-06-18,27.521494781566908,34
2022-06-25,20.96798764867158,34
2022-07-02,19.17262561815492,34
2022-07-09,16.633483289721102,34
2022-07-16,13.603273186324472,34
2022-07-23,11.064582894304337,34
2022-07-30,10.0,34
2022-08-06,10.083540435113399,34
2022-08-13,10.335601399440101,34
2022-08-20,10.75834238145988,34
2022-08-27,11.353922869652495,34
2022-09-03,12.124502352497718,34
2022-09-10,13.072240318475313,34
2022-09-17,14.199296256065047,34
2022-09-24,15.507829653746688,34
2022-10-01,17.0,34
2022-10-08,20.06986221832998,34
2022-10-15,27.0022426680447,34
2022-10-22,39.13545799132857,34
2022-10-29,57.807824830365966,34
2022-11-05,84.35765982734131,34
2022-11-12,120.12327962443898,34
2022-11-19,385.4499444562992,34
2022-02-12,0.40464970880879,35
2022-02-19,4.452018725981109,35
2022-02-26,7.025816868008297,35
2022-03-05,5.936555976936195,35
2022-03-12,3.441551959715857,35
2022-03-19,5.139003844980895,35
2022-03-26,4.800000000000001,35
2022-04-02,9.269326215794804,35
2022-04-09,35.213175842413605,35
2022-04-16,42.78133000527973,35
2022-04-23,48.7028592845106,35
2022-04-30,34.15783139771082,35
2022-05-07,35.395192047300405,35
2022-05-14,37.73553631757324,35
2022-05-21,60.4355600999028,35
2022-05-28,31.695883942987308,35
2022-06-04,37.42265593465776,35
2022-06-11,32.498050740430045,35
2022-06-18,26.087959608066118,35
2022-06-25,19.59122612480715,35
2022-07-02,14.412039325485562,35
2022-07-09,10.432081186101946,35
2022-07-16,6.753284556274783,35
2022-07-23,4.050855479681621,35
2022-07-30,3.0,35
2022-08-06,3.0986046227808552,35
2022-08-13,3.4006717352885487,35
2022-08-20,3.9155812037707727,35
2022-08-27,4.652712894475219,35
2022-09-03,5.6214466736495785,35
2022-09-10,6.831162407541545,35
2022-09-17,8.29123996239881,35
2022-09-24,10.011059204469065,35
2022-10-01,12.0,35
2022-10-08,23.465931280987114,35
2022-10-15,45.92636344651178,35
2022-10-22,67.85513856345048,35
2022-10-29,77.7260986986797,35
2022-11-05,76.56567596707802,35
2022-11-12,127.1336400346235,35
2022-11-19,186.9291268467792,35
2022-02-12,18.84224260351089,36
2022-02-19,17.279235506992606,36
2022-02-26,17.846046112342997,36
2022-03-05,19.54869423894489,36
2022-03-12,17.89236680527926,36
2022-03-19,29.89638416966075,36
2022-03-26,28.457733630880032,36
2022-04-02,58.74863600580558,36
2022-04-09,132.98125358420353,36
2022-04-16,205.46920933558133,36
2022-04-23,250.0509074961712,36
2022-04-30,291.0856537575868,36
2022-05-07,333.93254424983144,36
2022-05-14,346.914958575062,36
2022-05-21,307.0536268920407,36
2022-05-28,170.48566909815972,36
2022-06-04,136.75883876507206,36
2022-06-11,103.10401726061568,36
2022-06-18,71.00132513781008,36
2022-06-25,47.18922185574705,36
2022-07-02,36.9273377169018,36
2022-07-09,29.22157661441444,36
2022-07-16,22.15956700580961,36
2022-07-23,16.999608323525422,36
2022-07-30,15.0,36
2022-08-06,15.180189671404868,36
2022-08-13,15.71708360300346,36
2022-08-20,16.60516917087175,36
2022-08-27,17.838933751085722,36
2022-09-03,19.412864719721348,36
2022-09-10,21.321449452854612,36
2022-09-17,23.55917532656149,36
2022-09-24,26.12052971691796,36
2022-10-01,29.0,36
2022-10-08,33.60504715513086,36
2022-10-15,42.11374610788731,36
2022-10-22,55.6765051537256,36
2022-10-29,75.44373258810197,36
2022-11-05,102.56583670647268,36
2022-11-12,138.19322580429397,36
2022-11-19,296.7753099616947,36
2022-02-12,40.95242929573558,37
2022-02-19,63.25416335469278,37
2022-02-26,49.98248399247952,37
2022-03-05,46.34488138262776,37
2022-03-12,40.0539360941536,37
2022-03-19,49.21288409113136,37
2022-03-26,48.5242275492037,37
2022-04-02,2.244769019656889,37
2022-04-09,18.23585003870571,37
2022-04-16,21.71457696698426,37
2022-04-23,23.482817561599827,37
2022-04-30,40.1488500131131,37
2022-05-07,30.495847845434085,37
2022-05-14,35.73865757689398,37
2022-05-21,47.57018020117941,37
2022-05-28,36.03424053034317,37
2022-06-04,26.833494593541328,37
2022-06-11,23.593408600675907,37
2022-06-18,17.232593584195243,37
2022-06-25,12.839357560420034,37
2022-07-02,41.700828007558485,37
2022-07-09,36.43507363137748,37
2022-07-16,24.850414003779242,37
2022-07-23,13.265754376181015,37
2022-07-30,8.0,37
2022-08-06,8.139207008196061,37
2022-08-13,8.567471442266456,37
2022-08-20,9.300758416434515,37
2022-08-27,10.35503304492356,37
2022-09-03,11.74626044195692,37
2022-09-10,13.490405721757918,37
2022-09-17,15.603433998549878,37
2022-09-24,18.101310386556133,37
2022-10-01,21.0,37
2022-10-08,32.82344400427603,37
2022-10-15,65.0031953577494,37
2022-10-22,121.91663686409946,37
2022-10-29,207.94115132700546,37
2022-11-05,327.45412155014674,37
2022-11-12,994.3686916752004,37
2022-11-19,643.634759964485,37
2022-02-12,25.59159180553904,38
2022-02-19,16.41965495699958,38
2022-02-26,8.340780730211137,38
2022-03-05,2.827288894703396,38
2022-03-12,1.0207332954681292,38
2022-03-19,0.7274863405323528,38
2022-03-26,1.7506500559340834,38
2022-04-02,1.8263173881987107,38
2022-04-09,4.152709390614376,38
2022-04-16,1.8816708064421364,38
2022-04-23,1.5756336362557697,38
2022-04-30,1.5,38
2022-05-07,4.493536875676864,38
2022-05-14,1.8743251189849368,38
2022-05-21,0.0,38
2022-05-28,1.1563301537749555,38
2022-06-04,0.4288112541058795,38
2022-06-11,0.0,38
2022-06-18,0.0,38
2022-06-25,0.0,38
2022-07-02,0.0,38
2022-07-09,0.0,38
2022-07-16,0.0,38
2022-07-23,0.0,38
2022-07-30,0.0,38
2022-08-06,0.0,38
2022-08-13,0.0,38
2022-08-20,0.0,38
2022-08-27,0.0,38
2022-09-03,0.0,38
2022-09-10,0.0,38
2022-09-17,0.0,38
2022-09-24,0.0,38
2022-10-01,0.0,38
2022-10-08,0.31694108070825106,38
2022-10-15,1.0327511525072137,38
2022-10-22,1.7949104599082024,38
2022-10-29,2.250899247422531,38
2022-11-05,2.422885044335966,38
2022-11-12,2.5480618703667135,38
2022-11-19,2.596449705674746,38
2022-02-12,58.49792314298871,39
2022-02-19,27.933503132808536,39
2022-02-26,36.18416597613931,39
2022-03-05,39.50885123150261,39
2022-03-12,34.22894669175887,39
2022-03-19,41.3114021385948,39
2022-03-26,54.70923414032895,39
2022-04-02,69.80881975915946,39
2022-04-09,142.6987925297169,39
2022-04-16,120.1274912702433,39
2022-04-23,132.45495479928556,39
2022-04-30,114.89477982596893,39
2022-05-07,102.21805321312942,39
2022-05-14,70.94650965954625,39
2022-05-21,62.38452831750028,39
2022-05-28,48.861046248926016,39
2022-06-04,35.701780898471185,39
2022-06-11,25.134409973036327,39
2022-06-18,18.122816887341617,39
2022-06-25,12.80870835607446,39
2022-07-02,8.9534019500855,39
2022-07-09,8.071090247131028,39
2022-07-16,7.46372973215065,39
2022-07-23,7.112854838616322,39
2022-07-30,7.0,39
2022-08-06,7.136526914739205,39
2022-08-13,7.5395725966489495,39
2022-08-20,8.199334452267417,39
2022-08-27,9.1060098881328,39
2022-09-03,10.249796310783283,39
2022-09-10,11.620891126757058,39
2022-09-17,13.20949174259231,39
2022-09-24,15.005795564827228,39
2022-10-01,17.0,39
2022-10-08,19.334591289346427,39
2022-10-15,23.030890951272188,39
2022-10-22,29.39734930807028,39
2022-10-29,39.74241668203372,39
2022-11-05,55.374543395455504,39
2022-11-12,275.83075671300566,39
2022-11-19,427.64586751602826,39
2022-02-12,65.46937143586065,40
2022-02-19,73.26832223291775,40
2022-02-26,76.06529036742754,40
2022-03-05,85.83076218752936,40
2022-03-12,73.58771661277996,40
2022-03-19,83.3428654156811,40
2022-03-26,81.87104508799763,40
2022-04-02,127.0817805814902,40
2022-04-09,148.0594838827556,40
2022-04-16,119.41092495873325,40
2022-04-23,74.458709572913,40
2022-04-30,52.65009412443618,40
2022-05-07,28.30785850209377,40
2022-05-14,15.081539326505316,40
2022-05-21,9.662179990532184,40
2022-05-28,13.454548705627849,40
2022-06-04,7.805710235620264,40
2022-06-11,13.567227835369945,40
2022-06-18,12.662855985615748,40
2022-06-25,11.758484135861552,40
2022-07-02,12.503260326934823,40
2022-07-09,11.487125900851257,40
2022-07-16,9.25163016346741,40
2022-07-23,7.016134426083566,40
2022-07-30,6.0,40
2022-08-06,6.0,40
2022-08-13,6.0,40
2022-08-20,6.0,40
2022-08-27,6.0,40
2022-09-03,6.0,40
2022-09-10,6.0,40
2022-09-17,6.0,40
2022-09-24,6.0,40
2022-10-01,6.0,40
2022-10-08,7.202169726822352,40
2022-10-15,11.255076612317115,40
2022-10-22,18.828317214025844,40
2022-10-29,30.591488089490102,40
2022-11-05,131.3838594814798,40
2022-11-12,252.96701858367547,40
2022-11-19,80.27626815659536,40
2022-02-12,2.9659893170477187,41
2022-02-19,1.2910291919456736,41
2022-02-26,1.4136906970358185,41
2022-03-05,3.947013506307039,41
2022-03-12,3.0635170721579623,41
2022-03-19,1.7476433546848886,41
2022-03-26,3.49415902784912,41
2022-04-02,9.593089288712909,41
2022-04-09,26.01073349122247,41
2022-04-16,16.682413618078524,41
2022-04-23,17.0656395584899,41
2022-04-30,14.3924240985247,41
2022-05-07,25.229652370968324,41
2022-05-14,17.154995113630328,41
2022-05-21,15.951874098651617,41
2022-05-28,27.1309221722574,41
2022-06-04,28.342190725151863,41
2022-06-11,27.647129285308605,41
2022-06-18,22.421101941469615,41
2022-06-25,15.97995834156174,41
2022-07-02,13.253056821080555,41
2022-07-09,9.98728540764229,41
2022-07-16,6.367380713977633,41
2022-07-23,3.3770498685942982,41
2022-07-30,2.0,41
2022-08-06,1.7740959748674996,41
2022-08-13,1.5803961899109205,41
2022-08-20,1.4173980687000167,41
2022-08-27,1.283599034804542,41
2022-09-03,1.1774965117942513,41
2022-09-10,1.0975879232388974,41
2022-09-17,1.042370692708235,41
2022-09-24,1.0103422437720178,41
2022-10-01,1.0,41
2022-10-08,2.3721483959159033,41
2022-10-15,6.193696608913445,41
2022-10-22,12.02229917686737,41
2022-10-29,19.415610637652428,41
2022-11-05,27.93128552914336,41
2022-11-12,37.12697838921491,41
2022-11-19,46.56034375574184,41
2022-02-12,44.896209796233634,42
2022-02-19,52.23103984196022,42
2022-02-26,51.54622914698971,42
2022-03-05,61.49778783174035,42
2022-03-12,63.16167264332985,42
2022-03-19,56.05722832417875,42
2022-03-26,66.33444371423639,42
2022-04-02,90.67781858272372,42
2022-04-09,133.77883151913386,42
2022-04-16,141.03060011404526,42
2022-04-23,183.37679686614075,42
2022-04-30,186.00504912472272,42
2022-05-07,198.1883943627991,42
2022-05-14,152.14413783738502,42
2022-05-21,115.94590522716987,42
2022-05-28,110.747602629217,42
2022-06-04,91.466200628072,42
2022-06-11,54.08739670431172,42
2022-06-18,36.112521619581855,42
2022-06-25,25.088170415439823,42
2022-07-02,19.13160535836024,42
2022-07-09,20.061482290370723,42
2022-07-16,22.350310063858174,42
2022-07-23,25.246884145006597,42
2022-07-30,28.0,42
2022-08-06,30.306559396271684,42
2022-08-13,32.4457462936036,42
2022-08-20,34.539779446702724,42
2022-08-27,36.71087761027605,42
2022-09-03,39.08125953903055,42
2022-09-10,41.773143987673215,42
2022-09-17,44.908749710911025,42
2022-09-24,48.61029546345095,42
2022-10-01,53.0,42
2022-10-08,58.43705191363339,42
2022-10-15,66.30439128400691,42
2022-10-22,78.25986409569833,42
2022-10-29,95.96131633328548,42
2022-11-05,155.42694709530556,42
2022-11-12,442.1545195721648,42
2022-11-19,364.94187197412936,42
2022-02-12,1.396956432126303,44
2022-02-19,0.5931206453095061,44
2022-02-26,0.2636091756931138,44
2022-03-05,0.2819929383727516,44
2022-03-12,0.0,44
2022-03-19,0.3954137635396707,44
2022-03-26,0.0,44
2022-04-02,1.0544367027724555,44
2022-04-09,0.4613160574629492,44
2022-04-16,0.9869752843046308,44
2022-04-23,4.413731702387654,44
2022-04-30,8.800050626683309,44
2022-05-07,8.807846249406039,44
2022-05-14,7.38409373553255,44
2022-05-21,6.607670726807755,44
2022-05-28,4.996182774776523,44
2022-06-04,3.927260120685795,44
2022-06-11,6.167077118841262,44
2022-06-18,3.0835385594206315,44
2022-06-25,0.0,44
2022-07-02,1.4498504663121263,44
2022-07-09,1.2233113309508568,44
2022-07-16,0.7249252331560632,44
2022-07-23,0.2265391353612698,44
2022-07-30,0.0,44
2022-08-06,0.0013717421124828531,44
2022-08-13,0.010973936899862825,44
2022-08-20,0.037037037037037035,44
2022-08-27,0.0877914951989026,44
2022-09-03,0.17146776406035663,44
2022-09-10,0.2962962962962963,44
2022-09-17,0.47050754458161864,44
2022-09-24,0.7023319615912208,44
2022-10-01,1.0,44
2022-10-08,1.371742112482853,44
2022-10-15,1.8257887517146776,44
2022-10-22,2.3703703703703702,44
2022-10-29,3.013717421124828,44
2022-11-05,3.764060356652949,44
2022-11-12,4.629629629629629,44
2022-02-12,22.24102662231196,45
2022-02-19,23.722230914485586,45
2022-02-26,23.289803864806927,45
2022-03-05,21.91759893059244,45
2022-03-12,19.615367698860084,45
2022-03-19,18.38785743941758,45
2022-03-26,18.164076309870016,45
2022-04-02,18.744404184098407,45
2022-04-09,13.902614857440442,45
2022-04-16,15.607826109944472,45
2022-04-23,14.498005729494484,45
2022-04-30,21.4687955333315,45
2022-05-07,38.98845642301848,45
2022-05-14,28.420635757924373,45
2022-05-21,18.893715201274688,45
2022-05-28,22.05241358395164,45
2022-06-04,31.148662012650167,45
2022-06-11,22.82010174726343,45
2022-06-18,25.584444047361885,45
2022-06-25,28.34878634746034,45
2022-07-02,24.672761020119275,45
2022-07-09,22.906873180952687,45
2022-07-16,21.552061775470182,45
2022-07-23,20.589409737282413,45
2022-07-30,20.0,45
2022-08-06,19.608177911165043,45
2022-08-13,19.2526458832616,45
2022-08-20,18.936022447313235,45
2022-08-27,18.66092613434353,45
2022-09-03,18.429975475376057,45
2022-09-10,18.245789001434396,45
2022-09-17,18.110985243542117,45
2022-09-24,18.028182732722794,45
2022-10-01,18.0,45
2022-10-08,22.096388797930455,45
2022-10-15,34.71450130093106,45
2022-10-22,56.34775667281568,45
2022-10-29,87.48957407739817,45
2022-11-05,214.9841586607829,45
2022-11-12,501.1078324600864,45
2022-11-19,502.04900473581785,45
2022-02-12,24.6446830548736,46
2022-02-19,18.13563244698471,46
2022-02-26,20.22824076880219,46
2022-03-05,14.237490404580878,46
2022-03-12,15.14350393241364,46
2022-03-19,22.156335472420064,46
2022-03-26,15.55786571948206,46
2022-04-02,2.330513211779712,46
2022-04-09,5.0083739305339705,46
2022-04-16,3.696471115931242,46
2022-04-23,4.760508662027925,46
2022-04-30,1.950998342417231,46
2022-05-07,0.7905992075023331,46
2022-05-14,1.2879513107925908,46
2022-05-21,0.8618208707412062,46
2022-05-28,3.3109663875726705,46
2022-06-04,0.5419683270311992,46
2022-06-11,0.0,46
2022-06-18,0.6160357455523664,46
2022-06-25,1.2320714911047328,46
2022-07-02,0.7188882600105466,46
2022-07-09,1.9681218008252483,46
2022-07-16,4.740270347182205,46
2022-07-23,7.572005784950696,46
2022-07-30,9.0,46
2022-08-06,9.198152803769483,46
2022-08-13,9.32894477280538,46
2022-08-20,9.411918940637257,46
2022-08-27,9.466618340794682,46
2022-09-03,9.512586006807227,46
2022-09-10,9.569364972204465,46
2022-09-17,9.656498270515957,46
2022-09-24,9.79352893527128,46
2022-10-01,10.0,46
2022-10-08,13.232724830802638,46
2022-10-15,20.022702166575577,46
2022-10-22,26.7507531000422,46
2022-10-29,29.79769872392588,46
2022-11-05,21.64093292822254,46
2022-11-12,14.32556413740297,46
2022-11-19,7.71676197828078,46
2022-02-12,47.16151004245159,47
2022-02-19,46.5372769197818,47
2022-02-26,38.023609275053865,47
2022-03-05,34.158940261913386,47
2022-03-12,43.446863522200914,47
2022-03-19,40.58133184842504,47
2022-03-26,28.682278990294964,47
2022-04-02,25.10127804374924,47
2022-04-09,32.82620284687624,47
2022-04-16,37.30102375252213,47
2022-04-23,28.7804516662392,47
2022-04-30,28.96135724925647,47
2022-05-07,37.95417624812183,47
2022-05-14,37.30206721257059,47
2022-05-21,16.079567846229487,47
2022-05-28,18.06518291354832,47
2022-06-04,10.19431463437724,47
2022-06-11,7.207994695468199,47
2022-06-18,8.429832414239655,47
2022-06-25,11.160282825284924,47
2022-07-02,16.37552074026484,47
2022-07-09,17.72098073255732,47
2022-07-16,18.46847718101149,47
2022-07-23,19.075615224026127,47
2022-07-30,20.0,47
2022-08-06,21.200534501080792,47
2022-08-13,22.409544312277976,47
2022-08-20,23.74476846128301,47
2022-08-27,25.323945975787353,47
2022-09-03,27.26481588348248,47
2022-09-10,29.685117212059843,47
2022-09-17,32.70258898921091,47
2022-09-24,36.434970242627145,47
2022-10-01,41.0,47
2022-10-08,65.88758014276945,47
2022-10-15,117.55179906203543,47
2022-10-22,176.5566755499794,47
2022-10-29,223.4662283987828,47
2022-11-05,253.0007649991377,47
2022-11-12,464.50214202177176,47
2022-11-19,601.2517471601129,47
2022-02-12,130.2868844925643,48
2022-02-19,135.99909461259404,48
2022-02-26,172.30283513120895,48
2022-03-05,237.6049201916184,48
2022-03-12,304.2208052613215,48
2022-03-19,320.73729713248406,48
2022-03-26,361.533751345861,48
2022-04-02,479.4887486975607,48
2022-04-09,801.8778415893389,48
2022-04-16,396.016114903221,48
2022-04-23,214.1586618498609,48
2022-04-30,166.02251699914402,48
2022-05-07,144.0802720884505,48
2022-05-14,66.57252672860174,48
2022-05-21,54.45721898890747,48
2022-05-28,45.91167362857921,48
2022-06-04,42.05130010686949,48
2022-06-11,47.2808896527074,48
2022-06-18,48.76000461229505,48
2022-06-25,50.54661492385865,48
2022-07-02,66.51476853106973,48
2022-07-09,73.58402814131611,48
2022-07-16,78.42868131566551,48
2022-07-23,82.4376859649496,48
2022-07-30,87.0,48
2022-08-06,91.68803975536323,48
2022-08-13,95.46929603297426,48
2022-08-20,98.82533844474746,48
2022-08-27,102.2377366025973,48
2022-09-03,106.18806011843816,48
2022-09-10,111.15787860418443,48
2022-09-17,117.62876167175058,48
2022-09-24,126.08227893305096,48
2022-10-01,137.0,48
2022-10-08,251.3506511399266,48
2022-10-15,497.4839353683086,48
2022-10-22,766.9528874192833,48
2022-10-29,951.3105420269889,48
2022-11-05,1031.309553944183,48
2022-11-12,1417.5834764981328,48
2022-11-19,1513.960193944432,48
2022-02-12,4.172798301841419,49
2022-02-19,3.9533685174424327,49
2022-02-26,4.736610484715432,49
2022-03-05,3.5242420082239403,49
2022-03-12,5.068533796470844,49
2022-03-19,7.856719749860491,49
2022-03-26,7.858481771662474,49
2022-04-02,13.13563388343348,49
2022-04-09,7.441710646803041,49
2022-04-16,18.33621571339844,49
2022-04-23,12.807330352496088,49
2022-04-30,14.27285823642103,49
2022-05-07,6.74932856790538,49
2022-05-14,2.619571382011282,49
2022-05-21,7.543764946901798,49
2022-05-28,5.572798301841417,49
2022-06-04,4.752960046381441,49
2022-06-11,0.0,49
2022-06-18,0.4329654163637321,49
2022-06-25,1.2831608535208785,49
2022-07-02,2.381865534560946,49
2022-07-09,2.199696652094503,49
2022-07-16,1.780926386770353,49
2022-07-23,1.317159311701263,49
2022-07-30,1.0,49
2022-08-06,0.8234943077471305,49
2022-08-13,0.6560373871328552,49
2022-08-20,0.5007577554343938,49
2022-08-27,0.3607839299289655,49
2022-09-03,0.2392444278937897,49
2022-09-10,0.13926776660608592,49
2022-09-17,0.06398246334307328,49
2022-09-24,0.016517035381971634,49
2022-10-01,0.0,49
2022-10-08,0.13256362526651413,49
2022-10-15,0.5370433177768528,49
2022-10-22,1.2236223025972102,49
2022-10-29,2.202483804793781,49
2022-11-05,5.958111940333487,49
2022-11-12,16.79800852304819,49
2022-11-19,5.363455418587593,49
2022-02-12,0.0,50
2022-02-19,0.0,50
2022-02-26,0.0,50
2022-03-05,0.0,50
2022-03-12,0.0103067115596203,50
2022-03-19,0.0,50
2022-03-26,0.0,50
2022-04-02,0.0,50
2022-04-09,6.5046084894701535,50
2022-04-16,6.098152415505083,50
2022-04-23,9.781907421213432,50
2022-04-30,9.21760059244733,50
2022-05-07,9.3388961798633,50
2022-05-14,6.802219958004256,50
2022-05-21,5.210807634862672,50
2022-05-28,2.783707889938789,50
2022-06-04,0.2304277882422418,50
2022-06-11,1.3002888174388116,50
2022-06-18,0.6608805665940103,50
2022-06-25,0.0214723157492089,50
2022-07-02,0.2304277882422418,50
2022-07-09,0.1944234463293915,50
2022-07-16,0.11521389412112092,50
2022-07-23,0.03600434191285029,50
2022-07-30,0.0,50
2022-08-06,0.0,50
2022-08-13,0.0,50
2022-08-20,0.0,50
2022-08-27,0.0,50
2022-09-03,0.0,50
2022-09-10,0.0,50
2022-09-17,0.0,50
2022-09-24,0.0,50
2022-10-01,0.0,50
2022-10-08,0.03549640088644292,50
2022-10-15,0.1258100284582787,50
2022-10-22,0.2466775200842679,50
2022-10-29,0.3738355131331711,50
2022-11-05,0.48302064497374864,50
2022-11-12,0.5499695529747611,50
2022-02-12,66.51480541440176,51
2022-02-19,62.7082611798301,51
2022-02-26,51.61247646537046,51
2022-03-05,44.12992140599292,51
2022-03-12,44.75669971888871,51
2022-03-19,33.556124536728525,51
2022-03-26,28.681132129224427,51
2022-04-02,33.136885148414,51
2022-04-09,30.36926255648043,51
2022-04-16,27.978754879383985,51
2022-04-23,28.26548205477141,51
2022-04-30,45.210643527915614,51
2022-05-07,38.08130216256456,51
2022-05-14,61.39333302985632,51
2022-05-21,37.539401546575576,51
2022-05-28,29.742237110499573,51
2022-06-04,24.52267019082965,51
2022-06-11,18.145799903505303,51
2022-06-18,22.099222758598458,51
2022-06-25,26.05264561369161,51
2022-07-02,25.10186610514399,51
2022-07-09,25.669300635531535,51
2022-07-16,26.939869344082112,51
2022-07-23,28.26596990687763,51
2022-07-30,29.0,51
2022-08-06,29.185637331039846,51
2022-08-13,29.310371960621552,51
2022-08-20,29.392320094377663,51
2022-08-27,29.449597937940748,51
2022-09-03,29.500321696943345,51
2022-09-10,29.562607577018017,51
2022-09-17,29.654571783797312,51
2022-09-24,29.79433052291379,51
2022-10-01,30.0,51
2022-10-08,36.75373789989847,51
2022-10-15,56.892302615162336,51
2022-10-22,90.9657114129901,51
2022-10-29,139.52398156058027,51
2022-11-05,203.11713032513128,51
2022-11-12,421.8021036134276,51
2022-11-19,603.9638647818042,51
2022-02-12,1.5048550899156452,53
2022-02-19,1.8064282505023013,53
2022-02-26,4.417941616108653,53
2022-03-05,8.148001862287972,53
2022-03-12,4.6855431259852525,53
2022-03-19,7.046280738258778,53
2022-03-26,12.939416598810071,53
2022-04-02,8.811693885808761,53
2022-04-09,41.68666121658147,53
2022-04-16,28.551917743353258,53
2022-04-23,26.913084243115247,53
2022-04-30,37.4767778467535,53
2022-05-07,28.46772342674553,53
2022-05-14,36.95273390017429,53
2022-05-21,46.97353091590738,53
2022-05-28,47.45474876699582,53
2022-06-04,66.39988986819452,53
2022-06-11,64.48910738572167,53
2022-06-18,59.32381779925322,53
2022-06-25,53.736336424850194,53
2022-07-02,50.97557932617704,53
2022-07-09,43.50674579189531,53
2022-07-16,31.88034271831102,53
2022-07-23,20.807663117115478,53
2022-07-30,15.0,53
2022-08-06,13.492015158026446,53
2022-08-13,12.175080309493428,53
2022-08-20,11.045553356947405,53
2022-08-27,10.099792202934841,53
2022-09-03,9.334154750002192,53
2022-09-10,8.744998900695924,53
2022-09-17,8.328682557562495,53
2022-09-24,8.081563623148368,53
2022-10-01,8.0,53
2022-10-08,8.901832987869657,53
2022-10-15,11.430495346344914,53
2022-10-22,15.3207321677252,53
2022-10-29,20.307288544309948,53
2022-11-05,26.124909568398582,53
2022-11-12,32.50834033229053,53
2022-11-19,39.19232592828522,53
2022-02-12,10.70795087744443,54
2022-02-19,10.583707684683535,54
2022-02-26,8.345420365143703,54
2022-03-05,14.968049906171096,54
2022-03-12,13.194204555759852,54
2022-03-19,23.53021634088065,54
2022-03-26,19.318505505947307,54
2022-04-02,33.03473109107896,54
2022-04-09,26.107869235364497,54
2022-04-16,42.406177449439085,54
2022-04-23,35.86189872325069,54
2022-04-30,33.8067995165029,54
2022-05-07,25.328295772202644,54
2022-05-14,27.117543512808336,54
2022-05-21,13.105835598372256,54
2022-05-28,9.773058107586166,54
2022-06-04,5.82070991064411,54
2022-06-11,2.6355321093501107,54
2022-06-18,5.246679727721809,54
2022-06-25,7.857827346093507,54
2022-07-02,1.798289235845786,54
2022-07-09,1.4061201059307507,54
2022-07-16,1.1614233407547763,54
2022-07-23,1.0355872141628604,54
2022-07-30,1.0,54
2022-08-06,1.0,54
2022-08-13,1.0,54
2022-08-20,1.0,54
2022-08-27,1.0,54
2022-09-03,1.0,54
2022-09-10,1.0,54
2022-09-17,1.0,54
2022-09-24,1.0,54
2022-10-01,1.0,54
2022-10-08,2.6757536922174188,54
2022-10-15,7.8720687598283545,54
2022-10-22,16.842526189270828,54
2022-10-29,29.840706966982857,54
2022-11-05,85.58687073688314,54
2022-11-12,180.7111573997501,54
2022-11-19,156.31191531303753,54
2022-02-12,32.50547915737084,55
2022-02-19,34.08630812477554,55
2022-02-26,29.339228824796223,55
2022-03-05,22.928887609081627,55
2022-03-12,23.88318899049624,55
2022-03-19,45.5303849126901,55
2022-03-26,30.194179928616727,55
2022-04-02,38.85020416179043,55
2022-04-09,80.44962686806656,55
2022-04-16,52.2275674329597,55
2022-04-23,34.59486175853808,55
2022-04-30,37.241355615740176,55
2022-05-07,35.82984495027955,55
2022-05-14,40.49982842792318,55
2022-05-21,29.68475581057152,55
2022-05-28,19.86770964140751,55
2022-06-04,9.86511173467389,55
2022-06-11,7.894974756328778,55
2022-06-18,7.794449094203368,55
2022-06-25,7.690355159684338,55
2022-07-02,3.5488081819416366,55
2022-07-09,3.3101246045290655,55
2022-07-16,3.193351916747821,55
2022-07-23,3.1171053160780753,55
2022-07-30,3.0,55
2022-08-06,2.8013088419994823,55
2022-08-13,2.5483776211018303,55
2022-08-20,2.2619308930963484,55
2022-08-27,1.9626932137723392,55
2022-09-03,1.6713891389191058,55
2022-09-10,1.4087432243259523,55
2022-09-17,1.1954800257821812,55
2022-09-24,1.052324099077096,55
2022-10-01,1.0,55
2022-10-08,2.1208861666004615,55
2022-10-15,5.245815671770956,55
2022-10-22,10.018195023565147,55
2022-10-29,16.081430730036704,55
2022-11-05,23.078929299239288,55
2022-11-12,30.654097239226566,55
2022-11-19,38.4503410580522,55
2022-02-12,2.1911503761714988,56
2022-02-19,3.2143115837578264,56
2022-02-26,2.1902833067260863,56
2022-03-05,4.697926566436317,56
2022-03-12,3.1051950668252264,56
2022-03-19,3.456525828888517,56
2022-03-26,5.859036213716267,56
2022-04-02,4.056161570648632,56
2022-04-09,6.498908618344925,56
2022-04-16,1.9241322701438863,56
2022-04-23,5.9411635844327,56
2022-04-30,5.947985368240869,56
2022-05-07,1.4600076206130317,56
2022-05-14,3.218428753454763,56
2022-05-21,2.2452954875073177,56
2022-05-28,1.2431380171079194,56
2022-06-04,1.745914971461396,56
2022-06-11,2.187014032181782,56
2022-06-18,3.550866021364261,56
2022-06-25,4.607354448972504,56
2022-07-02,2.355800061075509,56
2022-07-09,2.2046994358953094,56
2022-07-16,2.1331495692743188,56
2022-07-23,2.0839749332850466,56
2022-07-30,2.0,56
2022-08-06,1.836255488950003,56
2022-08-13,1.601889674244815,56
2022-08-20,1.320903359825352,56
2022-08-27,1.0172973496325275,56
2022-09-03,0.7150724476072566,56
2022-09-10,0.43822945769045407,56
2022-09-17,0.2107691838230339,56
2022-09-24,0.05669242994591106,56
2022-10-01,0.0,56
2022-10-08,0.9341163972627449,56
2022-10-15,2.9891724712407837,56
2022-10-22,5.044228545218822,56
2022-10-29,5.978344942481568,56
2022-11-05,4.952766089427056,56
2022-11-12,4.225608945964096,56
2022-11-19,14.827343572513646,56
2022-02-12,1408.585808936536,US
2022-02-19,1425.0096101603008,US
2022-02-26,1361.3155181382028,US
2022-03-05,1455.3947775346803,US
2022-03-12,1462.6868024145354,US
2022-03-19,1557.5142678968798,US
2022-03-26,1661.957836848317,US
2022-04-02,2024.197602001016,US
2022-04-09,3342.458864837895,US
2022-04-16,2904.704745841794,US
2022-04-23,2897.989544437647,US
2022-04-30,2866.704530679009,US
2022-05-07,2879.8273160461395,US
2022-05-14,2648.6863286255075,US
2022-05-21,2525.478632710422,US
2022-05-28,2196.388148256957,US
2022-06-04,1973.6079607871425,US
2022-06-11,1644.0321972507495,US
2022-06-18,1732.516098625375,US
2022-06-25,1821.0,US
2022-07-02,1360.5,US
2022-07-09,1079.4714627558758,US
2022-07-16,839.6829668941117,US
2022-07-23,672.6779875852919,US
2022-07-30,610.0,US
2022-08-06,612.947102937124,US
2022-08-13,622.0802923786996,US
2022-08-20,637.8373892700317,US
2022-08-27,660.6562145564257,US
2022-09-03,690.9745891831864,US
2022-09-10,729.2303340956191,US
2022-09-17,775.8612702390287,US
2022-09-24,831.3052185587208,US
2022-10-01,896.0,US
2022-10-08,1346.7034782782084,US
2022-10-15,2305.562092837322,US
2022-10-22,3391.0965282155967,US
2022-10-29,4221.827468951289,US
2022-11-05,4700.099061623127,US
2022-11-12,9831.456648558353,US
2022-11-19,11320.761078482645,US
2022-02-12,,11
2022-02-19,,11
2022-02-26,,11
2022-03-05,,11
2022-03-12,,11
2022-03-19,,11
2022-03-26,,11
2022-04-02,,11
2022-04-09,,11
2022-04-16,,11
2022-04-23,,11
2022-04-30,,11
2022-05-07,,11
2022-05-14,,11
2022-05-21,,11
2022-05-28,,11
2022-06-04,,11
2022-06-11,,11
2022-06-18,,11
2022-06-25,,11
2022-07-02,,11
2022-07-09,,11
2022-07-16,,11
2022-07-23,,11
2022-07-30,0.0,11
2022-08-06,0.0,11
2022-08-13,0.0,11
2022-08-20,0.0,11
2022-08-27,0.0,11
2022-09-03,0.0,11
2022-09-10,0.0,11
2022-09-17,0.0,11
2022-09-24,0.0,11
2022-10-01,0.0,11
2022-10-08,0.07068509683226068,11
2022-10-15,0.3250139325388364,11
2022-10-22,0.8263968249344178,11
2022-10-29,1.6382440918336951,11
2022-11-05,18.65042388765567,11
2022-11-12,33.93363762256433,11
2022-11-19,107.39637120611376,11
